https://ajax.googleapis.com/ajax/libs/webfont/1.6.26/webfont.js	/assets/vendor/ajax-googleapis-com/9f87595f89-webfont.js
https://cdn.prod.website-files.com/66dee17e962b82764bf195ef/66dee17f962b82764bf196eb_Heart.lottie	/assets/vendor/cdn-prod-website-files-com/f5201ee611-66dee17f962b82764bf196eb_Heart.lottie
https://cdn.prod.website-files.com/66dee17e962b82764bf195ef/66dee17f962b82764bf196ef_Click.lottie	/assets/vendor/cdn-prod-website-files-com/881e835cd5-66dee17f962b82764bf196ef_Click.lottie
https://cdn.prod.website-files.com/66dee17e962b82764bf195ef/66dee17f962b82764bf196f5_Mask%20group-1.webp	/assets/vendor/cdn-prod-website-files-com/c52295fdbc-66dee17f962b82764bf196f5_Mask-group-1.webp
https://cdn.prod.website-files.com/66dee17e962b82764bf195ef/66dee17f962b82764bf196f8_About%20Image%201.webp	/assets/vendor/cdn-prod-website-files-com/227da40163-66dee17f962b82764bf196f8_About-Image-1.webp
https://cdn.prod.website-files.com/66dee17e962b82764bf195ef/66dee17f962b82764bf196f8_About%2520Image%25201-p-500.jpg	/assets/vendor/cdn-prod-website-files-com/351121fadb-66dee17f962b82764bf196f8_About-20Image-201-p-500.jpg
https://cdn.prod.website-files.com/66dee17e962b82764bf195ef/66dee17f962b82764bf196fb_workflow%20image.webp	/assets/vendor/cdn-prod-website-files-com/21c49fc583-66dee17f962b82764bf196fb_workflow-image.webp
https://cdn.prod.website-files.com/66dee17e962b82764bf195ef/66dee17f962b82764bf196fb_workflow%2520image-p-500.jpg	/assets/vendor/cdn-prod-website-files-com/795cee3281-66dee17f962b82764bf196fb_workflow-20image-p-500.jpg
https://cdn.prod.website-files.com/66dee17e962b82764bf195ef/66dee17f962b82764bf196fc_Flow%20Arrow.lottie	/assets/vendor/cdn-prod-website-files-com/9d7d64eb67-66dee17f962b82764bf196fc_Flow-Arrow.lottie
https://cdn.prod.website-files.com/66dee17e962b82764bf195ef/66dee17f962b82764bf196fd_Workflow%20Number%202.lottie	/assets/vendor/cdn-prod-website-files-com/2b0c57e933-66dee17f962b82764bf196fd_Workflow-Number-2.lottie
https://cdn.prod.website-files.com/66dee17e962b82764bf195ef/66dee17f962b82764bf196fe_Workflow%20Number%201.lottie	/assets/vendor/cdn-prod-website-files-com/8b76ddc518-66dee17f962b82764bf196fe_Workflow-Number-1.lottie
https://cdn.prod.website-files.com/66dee17e962b82764bf195ef/66dee17f962b82764bf1970f_Workflow%20Number%203.lottie	/assets/vendor/cdn-prod-website-files-com/ccbd80b49b-66dee17f962b82764bf1970f_Workflow-Number-3.lottie
https://cdn.prod.website-files.com/66dee17e962b82764bf195ef/66dee17f962b82764bf19715_Circle.lottie	/assets/vendor/cdn-prod-website-files-com/eabd68c95d-66dee17f962b82764bf19715_Circle.lottie
https://cdn.prod.website-files.com/66dee17e962b82764bf195ef/66dee17f962b82764bf19716_Quote%20Icon.svg	/assets/vendor/cdn-prod-website-files-com/5ad77629d9-66dee17f962b82764bf19716_Quote-Icon.svg
https://cdn.prod.website-files.com/66dee17e962b82764bf195ef/66dee17f962b82764bf19717_Testimonial%20Image.webp	/assets/vendor/cdn-prod-website-files-com/137706644e-66dee17f962b82764bf19717_Testimonial-Image.webp
https://cdn.prod.website-files.com/66dee17e962b82764bf195ef/66dee17f962b82764bf19717_Testimonial%2520Image-p-500.jpg	/assets/vendor/cdn-prod-website-files-com/07c7f6538d-66dee17f962b82764bf19717_Testimonial-20Image-p-500.jpg
https://cdn.prod.website-files.com/66dee17e962b82764bf195ef/66dee17f962b82764bf19718_CTA%20Image.webp	/assets/vendor/cdn-prod-website-files-com/2033964e7e-66dee17f962b82764bf19718_CTA-Image.webp
https://cdn.prod.website-files.com/66dee17e962b82764bf195ef/66dee17f962b82764bf19719_Map%20pin.svg	/assets/vendor/cdn-prod-website-files-com/d70d4fe6c8-66dee17f962b82764bf19719_Map-pin.svg
https://cdn.prod.website-files.com/66dee17e962b82764bf195ef/66dee17f962b82764bf1971b_image%2011.webp	/assets/vendor/cdn-prod-website-files-com/628a177955-66dee17f962b82764bf1971b_image-11.webp
https://cdn.prod.website-files.com/66dee17e962b82764bf195ef/66dee17f962b82764bf1971b_image%252011-p-500.jpg	/assets/vendor/cdn-prod-website-files-com/fd0d06e657-66dee17f962b82764bf1971b_image-2011-p-500.jpg
https://cdn.prod.website-files.com/66dee17e962b82764bf195ef/66dee17f962b82764bf1971c_image%2013.webp	/assets/vendor/cdn-prod-website-files-com/517f972e42-66dee17f962b82764bf1971c_image-13.webp
https://cdn.prod.website-files.com/66dee17e962b82764bf195ef/66dee17f962b82764bf1971c_image%252013-p-500.jpg	/assets/vendor/cdn-prod-website-files-com/0f8ebdf23f-66dee17f962b82764bf1971c_image-2013-p-500.jpg
https://cdn.prod.website-files.com/66dee17e962b82764bf195ef/66dee17f962b82764bf1971d_image%209.webp	/assets/vendor/cdn-prod-website-files-com/5788ae6a34-66dee17f962b82764bf1971d_image-9.webp
https://cdn.prod.website-files.com/66dee17e962b82764bf195ef/66dee17f962b82764bf1971d_image%25209-p-500.jpg	/assets/vendor/cdn-prod-website-files-com/0986bd7293-66dee17f962b82764bf1971d_image-209-p-500.jpg
https://cdn.prod.website-files.com/66dee17e962b82764bf195ef/66dee17f962b82764bf1971e_image%2028.webp	/assets/vendor/cdn-prod-website-files-com/3144bb9027-66dee17f962b82764bf1971e_image-28.webp
https://cdn.prod.website-files.com/66dee17e962b82764bf195ef/66dee17f962b82764bf1971e_image%252028-p-500.jpg	/assets/vendor/cdn-prod-website-files-com/139c04afbb-66dee17f962b82764bf1971e_image-2028-p-500.jpg
https://cdn.prod.website-files.com/66dee17e962b82764bf195ef/66dee17f962b82764bf1971f_image%2010.webp	/assets/vendor/cdn-prod-website-files-com/371301fcf9-66dee17f962b82764bf1971f_image-10.webp
https://cdn.prod.website-files.com/66dee17e962b82764bf195ef/66dee17f962b82764bf1971f_image%252010-p-500.jpg	/assets/vendor/cdn-prod-website-files-com/45388fd759-66dee17f962b82764bf1971f_image-2010-p-500.jpg
https://cdn.prod.website-files.com/66dee17e962b82764bf195ef/66dee17f962b82764bf19725_Mask%20group-2.webp	/assets/vendor/cdn-prod-website-files-com/adb07d0f72-66dee17f962b82764bf19725_Mask-group-2.webp
https://cdn.prod.website-files.com/66dee17e962b82764bf195ef/66dee17f962b82764bf19725_Mask%2520group-2-p-500.jpg	/assets/vendor/cdn-prod-website-files-com/b95c9ac1e6-66dee17f962b82764bf19725_Mask-20group-2-p-500.jpg
https://cdn.prod.website-files.com/66dee17e962b82764bf195ef/66dee17f962b82764bf19726_Mask%20group.webp	/assets/vendor/cdn-prod-website-files-com/d6d27e943e-66dee17f962b82764bf19726_Mask-group.webp
https://cdn.prod.website-files.com/66dee17e962b82764bf195ef/66dee17f962b82764bf19726_Mask%2520group-p-500.jpg	/assets/vendor/cdn-prod-website-files-com/40718d732a-66dee17f962b82764bf19726_Mask-20group-p-500.jpg
https://cdn.prod.website-files.com/66dee17e962b82764bf195ef/66dee17f962b82764bf19727_Mask%20group-1.webp	/assets/vendor/cdn-prod-website-files-com/ec86087133-66dee17f962b82764bf19727_Mask-group-1.webp
https://cdn.prod.website-files.com/66dee17e962b82764bf195ef/66dee17f962b82764bf19727_Mask%2520group-1-p-500.jpg	/assets/vendor/cdn-prod-website-files-com/cdb061c154-66dee17f962b82764bf19727_Mask-20group-1-p-500.jpg
https://cdn.prod.website-files.com/66dee17e962b82764bf195ef/66dee17f962b82764bf19728_Vector.svg	/assets/vendor/cdn-prod-website-files-com/850cc3cd22-66dee17f962b82764bf19728_Vector.svg
https://cdn.prod.website-files.com/66dee17e962b82764bf195ef/66dee17f962b82764bf19729_Vector-1.svg	/assets/vendor/cdn-prod-website-files-com/a98f8c4137-66dee17f962b82764bf19729_Vector-1.svg
https://cdn.prod.website-files.com/66dee17e962b82764bf195ef/66dee17f962b82764bf1972a_Group%2094.svg	/assets/vendor/cdn-prod-website-files-com/c9e99864f5-66dee17f962b82764bf1972a_Group-94.svg
https://cdn.prod.website-files.com/66dee17e962b82764bf195ef/66dee17f962b82764bf1972b_Vector-2.svg	/assets/vendor/cdn-prod-website-files-com/ea5d0a9159-66dee17f962b82764bf1972b_Vector-2.svg
https://cdn.prod.website-files.com/66dee17e962b82764bf195ef/66dee17f962b82764bf1972c_Star.lottie	/assets/vendor/cdn-prod-website-files-com/cdc6b12983-66dee17f962b82764bf1972c_Star.lottie
https://cdn.prod.website-files.com/66dee17e962b82764bf195ef/66dee17f962b82764bf1972d_Value%20Image%201.webp	/assets/vendor/cdn-prod-website-files-com/ebe6eb0180-66dee17f962b82764bf1972d_Value-Image-1.webp
https://cdn.prod.website-files.com/66dee17e962b82764bf195ef/66dee17f962b82764bf1972d_Value%2520Image%25201-p-500.jpg	/assets/vendor/cdn-prod-website-files-com/1ed4825c90-66dee17f962b82764bf1972d_Value-20Image-201-p-500.jpg
https://cdn.prod.website-files.com/66dee17e962b82764bf195ef/66dee17f962b82764bf1972e_Value%20Image%202.webp	/assets/vendor/cdn-prod-website-files-com/563d4f4f13-66dee17f962b82764bf1972e_Value-Image-2.webp
https://cdn.prod.website-files.com/66dee17e962b82764bf195ef/66dee17f962b82764bf1972e_Value%2520Image%25202-p-500.jpg	/assets/vendor/cdn-prod-website-files-com/8e388932f2-66dee17f962b82764bf1972e_Value-20Image-202-p-500.jpg
https://cdn.prod.website-files.com/66dee17e962b82764bf195ef/66dee17f962b82764bf1972f_3.svg	/assets/vendor/cdn-prod-website-files-com/9b8f950e77-66dee17f962b82764bf1972f_3.svg
https://cdn.prod.website-files.com/66dee17e962b82764bf195ef/66dee17f962b82764bf19730_2.svg	/assets/vendor/cdn-prod-website-files-com/26cc2b9030-66dee17f962b82764bf19730_2.svg
https://cdn.prod.website-files.com/66dee17e962b82764bf195ef/66dee17f962b82764bf19731_4.svg	/assets/vendor/cdn-prod-website-files-com/1b97f48a41-66dee17f962b82764bf19731_4.svg
https://cdn.prod.website-files.com/66dee17e962b82764bf195ef/66dee17f962b82764bf19732_5.svg	/assets/vendor/cdn-prod-website-files-com/e6d29d7263-66dee17f962b82764bf19732_5.svg
https://cdn.prod.website-files.com/66dee17e962b82764bf195ef/66dee17f962b82764bf19740_1.svg	/assets/vendor/cdn-prod-website-files-com/2991c16b60-66dee17f962b82764bf19740_1.svg
https://cdn.prod.website-files.com/66dee17e962b82764bf195ef/66dee17f962b82764bf1975b_Mask%20group-2.webp	/assets/vendor/cdn-prod-website-files-com/32211c3b63-66dee17f962b82764bf1975b_Mask-group-2.webp
https://cdn.prod.website-files.com/66dee17e962b82764bf195ef/66dee17f962b82764bf1975b_Mask%2520group-2-p-500.jpg	/assets/vendor/cdn-prod-website-files-com/41a73248be-66dee17f962b82764bf1975b_Mask-20group-2-p-500.jpg
https://cdn.prod.website-files.com/66dee17e962b82764bf195ef/66dee17f962b82764bf19778_Done%20Lottie.json	/assets/vendor/cdn-prod-website-files-com/1961eda806-66dee17f962b82764bf19778_Done-Lottie.json
https://cdn.prod.website-files.com/66dee17e962b82764bf195ef/66e685a6ac6cecdbea32566b_EE1FDEBE-0774-48F9-A30F-A3A24AF9C3FF_1_102_a-p-1080.jpeg	/assets/vendor/cdn-prod-website-files-com/7b1f5b5f8a-66e685a6ac6cecdbea32566b_EE1FDEBE-0774-48F9-A30F-A3A24AF9C3FF_1_102_a-p-1080.jpeg
https://cdn.prod.website-files.com/66dee17e962b82764bf195ef/66e685a6ac6cecdbea32566b_EE1FDEBE-0774-48F9-A30F-A3A24AF9C3FF_1_102_a-p-500.jpeg	/assets/vendor/cdn-prod-website-files-com/0ff5a6d9a6-66e685a6ac6cecdbea32566b_EE1FDEBE-0774-48F9-A30F-A3A24AF9C3FF_1_102_a-p-500.jpeg
https://cdn.prod.website-files.com/66dee17e962b82764bf195ef/66e685a6ac6cecdbea32566b_EE1FDEBE-0774-48F9-A30F-A3A24AF9C3FF_1_102_a-p-800.jpeg	/assets/vendor/cdn-prod-website-files-com/0e20612ef1-66e685a6ac6cecdbea32566b_EE1FDEBE-0774-48F9-A30F-A3A24AF9C3FF_1_102_a-p-800.jpeg
https://cdn.prod.website-files.com/66dee17e962b82764bf195ef/66e685a6ac6cecdbea32566b_EE1FDEBE-0774-48F9-A30F-A3A24AF9C3FF_1_102_a.jpeg	/assets/vendor/cdn-prod-website-files-com/21dbb00ff8-66e685a6ac6cecdbea32566b_EE1FDEBE-0774-48F9-A30F-A3A24AF9C3FF_1_102_a.jpeg
https://cdn.prod.website-files.com/66dee17e962b82764bf195ef/66e685afa5b87f5b70587146_C14FE918-2E0B-4A1E-A322-22494E1D94B6_1_105_c-p-500.jpeg	/assets/vendor/cdn-prod-website-files-com/7bab32e455-66e685afa5b87f5b70587146_C14FE918-2E0B-4A1E-A322-22494E1D94B6_1_105_c-p-500.jpeg
https://cdn.prod.website-files.com/66dee17e962b82764bf195ef/66e685afa5b87f5b70587146_C14FE918-2E0B-4A1E-A322-22494E1D94B6_1_105_c.jpeg	/assets/vendor/cdn-prod-website-files-com/e624f37e73-66e685afa5b87f5b70587146_C14FE918-2E0B-4A1E-A322-22494E1D94B6_1_105_c.jpeg
https://cdn.prod.website-files.com/66dee17e962b82764bf195ef/66e689e358c7fdd631fb820f_B331B535-0241-4274-BE2A-3B33052BCF05_1_105_c-p-500.jpeg	/assets/vendor/cdn-prod-website-files-com/0cd2c0af49-66e689e358c7fdd631fb820f_B331B535-0241-4274-BE2A-3B33052BCF05_1_105_c-p-500.jpeg
https://cdn.prod.website-files.com/66dee17e962b82764bf195ef/66e689e358c7fdd631fb820f_B331B535-0241-4274-BE2A-3B33052BCF05_1_105_c.jpeg	/assets/vendor/cdn-prod-website-files-com/570306402a-66e689e358c7fdd631fb820f_B331B535-0241-4274-BE2A-3B33052BCF05_1_105_c.jpeg
https://cdn.prod.website-files.com/66dee17e962b82764bf195ef/66e68c06ac6cecdbea38103f_491E72FD-40EC-4FC8-8779-DF0D37921DC3_4_5005_c.jpeg	/assets/vendor/cdn-prod-website-files-com/c56e643ac0-66e68c06ac6cecdbea38103f_491E72FD-40EC-4FC8-8779-DF0D37921DC3_4_5005_c.jpeg
https://cdn.prod.website-files.com/66dee17e962b82764bf195ef/66e68dfaa943babedef93ed9_IMG_2096%20Large-p-500.jpeg	/assets/vendor/cdn-prod-website-files-com/69960829e5-66e68dfaa943babedef93ed9_IMG_2096-Large-p-500.jpeg
https://cdn.prod.website-files.com/66dee17e962b82764bf195ef/66e68dfaa943babedef93ed9_IMG_2096%20Large-p-800.jpeg	/assets/vendor/cdn-prod-website-files-com/df7607b537-66e68dfaa943babedef93ed9_IMG_2096-Large-p-800.jpeg
https://cdn.prod.website-files.com/66dee17e962b82764bf195ef/66e68dfaa943babedef93ed9_IMG_2096%20Large.jpeg	/assets/vendor/cdn-prod-website-files-com/e779c39c9c-66e68dfaa943babedef93ed9_IMG_2096-Large.jpeg
https://cdn.prod.website-files.com/66dee17e962b82764bf195ef/671f622f3250bf01acab64d8_Animation%20-%201730109919556.lottie	/assets/vendor/cdn-prod-website-files-com/9fa585a289-671f622f3250bf01acab64d8_Animation---1730109919556.lottie
https://cdn.prod.website-files.com/66dee17e962b82764bf195ef/6729e6ef925194812810c27f_IMG_3426-p-1080.jpeg	/assets/vendor/cdn-prod-website-files-com/889213dcee-6729e6ef925194812810c27f_IMG_3426-p-1080.jpeg
https://cdn.prod.website-files.com/66dee17e962b82764bf195ef/6729e6ef925194812810c27f_IMG_3426-p-1600.jpeg	/assets/vendor/cdn-prod-website-files-com/40007175ea-6729e6ef925194812810c27f_IMG_3426-p-1600.jpeg
https://cdn.prod.website-files.com/66dee17e962b82764bf195ef/6729e6ef925194812810c27f_IMG_3426-p-2000.jpeg	/assets/vendor/cdn-prod-website-files-com/623a63932a-6729e6ef925194812810c27f_IMG_3426-p-2000.jpeg
https://cdn.prod.website-files.com/66dee17e962b82764bf195ef/6729e6ef925194812810c27f_IMG_3426-p-2600.jpeg	/assets/vendor/cdn-prod-website-files-com/5467b704e8-6729e6ef925194812810c27f_IMG_3426-p-2600.jpeg
https://cdn.prod.website-files.com/66dee17e962b82764bf195ef/6729e6ef925194812810c27f_IMG_3426-p-500.jpeg	/assets/vendor/cdn-prod-website-files-com/21c7063b8a-6729e6ef925194812810c27f_IMG_3426-p-500.jpeg
https://cdn.prod.website-files.com/66dee17e962b82764bf195ef/6729e6ef925194812810c27f_IMG_3426-p-800.jpeg	/assets/vendor/cdn-prod-website-files-com/dba02ed4d6-6729e6ef925194812810c27f_IMG_3426-p-800.jpeg
https://cdn.prod.website-files.com/66dee17e962b82764bf195ef/6729e6ef925194812810c27f_IMG_3426.jpeg	/assets/vendor/cdn-prod-website-files-com/46d612caf9-6729e6ef925194812810c27f_IMG_3426.jpeg
https://cdn.prod.website-files.com/66dee17e962b82764bf195ef/6729eb5c5942a68258d71ae7_IMG_3061-p-1080.jpeg	/assets/vendor/cdn-prod-website-files-com/094ca5d3da-6729eb5c5942a68258d71ae7_IMG_3061-p-1080.jpeg
https://cdn.prod.website-files.com/66dee17e962b82764bf195ef/6729eb5c5942a68258d71ae7_IMG_3061-p-1600.jpeg	/assets/vendor/cdn-prod-website-files-com/551be4dabe-6729eb5c5942a68258d71ae7_IMG_3061-p-1600.jpeg
https://cdn.prod.website-files.com/66dee17e962b82764bf195ef/6729eb5c5942a68258d71ae7_IMG_3061-p-2000.jpeg	/assets/vendor/cdn-prod-website-files-com/4bceb9baf6-6729eb5c5942a68258d71ae7_IMG_3061-p-2000.jpeg
https://cdn.prod.website-files.com/66dee17e962b82764bf195ef/6729eb5c5942a68258d71ae7_IMG_3061-p-2600.jpeg	/assets/vendor/cdn-prod-website-files-com/cb3d5ec261-6729eb5c5942a68258d71ae7_IMG_3061-p-2600.jpeg
https://cdn.prod.website-files.com/66dee17e962b82764bf195ef/6729eb5c5942a68258d71ae7_IMG_3061-p-500.jpeg	/assets/vendor/cdn-prod-website-files-com/011ca4c673-6729eb5c5942a68258d71ae7_IMG_3061-p-500.jpeg
https://cdn.prod.website-files.com/66dee17e962b82764bf195ef/6729eb5c5942a68258d71ae7_IMG_3061-p-800.jpeg	/assets/vendor/cdn-prod-website-files-com/ab35f52b21-6729eb5c5942a68258d71ae7_IMG_3061-p-800.jpeg
https://cdn.prod.website-files.com/66dee17e962b82764bf195ef/6729eb5c5942a68258d71ae7_IMG_3061.jpeg	/assets/vendor/cdn-prod-website-files-com/6845d883ac-6729eb5c5942a68258d71ae7_IMG_3061.jpeg
https://cdn.prod.website-files.com/66dee17e962b82764bf195ef/6729f49927c3fb14b5201c56_IMG_6280-p-1080.jpeg	/assets/vendor/cdn-prod-website-files-com/d99f7ec331-6729f49927c3fb14b5201c56_IMG_6280-p-1080.jpeg
https://cdn.prod.website-files.com/66dee17e962b82764bf195ef/6729f49927c3fb14b5201c56_IMG_6280-p-1600.jpeg	/assets/vendor/cdn-prod-website-files-com/570b99e828-6729f49927c3fb14b5201c56_IMG_6280-p-1600.jpeg
https://cdn.prod.website-files.com/66dee17e962b82764bf195ef/6729f49927c3fb14b5201c56_IMG_6280-p-2000.jpeg	/assets/vendor/cdn-prod-website-files-com/e3f4ca80a7-6729f49927c3fb14b5201c56_IMG_6280-p-2000.jpeg
https://cdn.prod.website-files.com/66dee17e962b82764bf195ef/6729f49927c3fb14b5201c56_IMG_6280-p-500.jpeg	/assets/vendor/cdn-prod-website-files-com/2198c41856-6729f49927c3fb14b5201c56_IMG_6280-p-500.jpeg
https://cdn.prod.website-files.com/66dee17e962b82764bf195ef/6729f49927c3fb14b5201c56_IMG_6280-p-800.jpeg	/assets/vendor/cdn-prod-website-files-com/183f80633d-6729f49927c3fb14b5201c56_IMG_6280-p-800.jpeg
https://cdn.prod.website-files.com/66dee17e962b82764bf195ef/6729f49927c3fb14b5201c56_IMG_6280.jpeg	/assets/vendor/cdn-prod-website-files-com/d085716b08-6729f49927c3fb14b5201c56_IMG_6280.jpeg
https://cdn.prod.website-files.com/66dee17e962b82764bf195ef/6729f7277cc11a0b398e9b9b_IMG_6913-p-1080.jpeg	/assets/vendor/cdn-prod-website-files-com/7f41a66250-6729f7277cc11a0b398e9b9b_IMG_6913-p-1080.jpeg
https://cdn.prod.website-files.com/66dee17e962b82764bf195ef/6729f7277cc11a0b398e9b9b_IMG_6913-p-1600.jpeg	/assets/vendor/cdn-prod-website-files-com/3d4896725e-6729f7277cc11a0b398e9b9b_IMG_6913-p-1600.jpeg
https://cdn.prod.website-files.com/66dee17e962b82764bf195ef/6729f7277cc11a0b398e9b9b_IMG_6913-p-2000.jpeg	/assets/vendor/cdn-prod-website-files-com/10129a1b70-6729f7277cc11a0b398e9b9b_IMG_6913-p-2000.jpeg
https://cdn.prod.website-files.com/66dee17e962b82764bf195ef/6729f7277cc11a0b398e9b9b_IMG_6913-p-500.jpeg	/assets/vendor/cdn-prod-website-files-com/54cc1ef40f-6729f7277cc11a0b398e9b9b_IMG_6913-p-500.jpeg
https://cdn.prod.website-files.com/66dee17e962b82764bf195ef/6729f7277cc11a0b398e9b9b_IMG_6913-p-800.jpeg	/assets/vendor/cdn-prod-website-files-com/295f4274e8-6729f7277cc11a0b398e9b9b_IMG_6913-p-800.jpeg
https://cdn.prod.website-files.com/66dee17e962b82764bf195ef/6729f7277cc11a0b398e9b9b_IMG_6913.jpeg	/assets/vendor/cdn-prod-website-files-com/05c3ce47c5-6729f7277cc11a0b398e9b9b_IMG_6913.jpeg
https://cdn.prod.website-files.com/66dee17e962b82764bf195ef/6746ed9b4db3953c655bf437_6729e7f2a77c22b44da0ff19_IMG_3788%20-%20Moyenne.jpeg	/assets/vendor/cdn-prod-website-files-com/4d0fc4c974-6746ed9b4db3953c655bf437_6729e7f2a77c22b44da0ff19_IMG_3788---Moyenne.jpeg
https://cdn.prod.website-files.com/66dee17e962b82764bf195ef/6746ef0266e157f06aad615b_673db96d08adfa4d56f9fa5a_IMG_2462%20-%20Moyenne-p-500.jpeg	/assets/vendor/cdn-prod-website-files-com/46ac1a9d9b-6746ef0266e157f06aad615b_673db96d08adfa4d56f9fa5a_IMG_2462---Moyenne-p-500.jpeg
https://cdn.prod.website-files.com/66dee17e962b82764bf195ef/6746ef0266e157f06aad615b_673db96d08adfa4d56f9fa5a_IMG_2462%20-%20Moyenne.jpeg	/assets/vendor/cdn-prod-website-files-com/e12ec76338-6746ef0266e157f06aad615b_673db96d08adfa4d56f9fa5a_IMG_2462---Moyenne.jpeg
https://cdn.prod.website-files.com/66dee17e962b82764bf195ef/6746efca8d698f8d74d752cf_Illustration_sans_titre%202.jpg	/assets/vendor/cdn-prod-website-files-com/8b307f61a8-6746efca8d698f8d74d752cf_Illustration_sans_titre-2.jpg
https://cdn.prod.website-files.com/66dee17e962b82764bf195ef/674705d2b9f021ae95e66c41_66e685afa5b87f5b70587146_C14FE918-2E0B-4A1E-A322-22494E1D94B6_1_105_c%20Medium.jpeg	/assets/vendor/cdn-prod-website-files-com/9c3a241b99-674705d2b9f021ae95e66c41_66e685afa5b87f5b70587146_C14FE918-2E0B-4A1E-A322-22494E1D94B6_1_105_c-Medium.jpeg
https://cdn.prod.website-files.com/66dee17e962b82764bf195ef/674705d77b32170308dd7518_6729ea4f75e398874d080b3f_IMG_6895%20Medium-p-500.jpeg	/assets/vendor/cdn-prod-website-files-com/a42e0934f3-674705d77b32170308dd7518_6729ea4f75e398874d080b3f_IMG_6895-Medium-p-500.jpeg
https://cdn.prod.website-files.com/66dee17e962b82764bf195ef/674705d77b32170308dd7518_6729ea4f75e398874d080b3f_IMG_6895%20Medium.jpeg	/assets/vendor/cdn-prod-website-files-com/e909101bdb-674705d77b32170308dd7518_6729ea4f75e398874d080b3f_IMG_6895-Medium.jpeg
https://cdn.prod.website-files.com/66dee17e962b82764bf195ef/674732d41371830372650cdf_66e685afa5b87f5b70587146_C14FE918-2E0B-4A1E-A322-22494E1D94B6_1_105_c%20Large-p-500.jpeg	/assets/vendor/cdn-prod-website-files-com/354f3b443f-674732d41371830372650cdf_66e685afa5b87f5b70587146_C14FE918-2E0B-4A1E-A322-22494E1D94B6_1_105_c-Large-p-500.jpeg
https://cdn.prod.website-files.com/66dee17e962b82764bf195ef/674732d41371830372650cdf_66e685afa5b87f5b70587146_C14FE918-2E0B-4A1E-A322-22494E1D94B6_1_105_c%20Large.jpeg	/assets/vendor/cdn-prod-website-files-com/765f15c1c5-674732d41371830372650cdf_66e685afa5b87f5b70587146_C14FE918-2E0B-4A1E-A322-22494E1D94B6_1_105_c-Large.jpeg
https://cdn.prod.website-files.com/66dee17e962b82764bf195ef/674732d418b5cd4d898b4026_66e685cfffd21b1f31d15a80_A552B4A1-59B0-4311-96C8-22D49450EED5_1_105_c%20Large-p-500.jpeg	/assets/vendor/cdn-prod-website-files-com/4219f1b2b5-674732d418b5cd4d898b4026_66e685cfffd21b1f31d15a80_A552B4A1-59B0-4311-96C8-22D49450EED5_1_105_c-Large-p-500.jpeg
https://cdn.prod.website-files.com/66dee17e962b82764bf195ef/674732d418b5cd4d898b4026_66e685cfffd21b1f31d15a80_A552B4A1-59B0-4311-96C8-22D49450EED5_1_105_c%20Large.jpeg	/assets/vendor/cdn-prod-website-files-com/addd3c2385-674732d418b5cd4d898b4026_66e685cfffd21b1f31d15a80_A552B4A1-59B0-4311-96C8-22D49450EED5_1_105_c-Large.jpeg
https://cdn.prod.website-files.com/66dee17e962b82764bf195ef/674732d4561636bd5998a5df_66e685a6ac6cecdbea32566b_EE1FDEBE-0774-48F9-A30F-A3A24AF9C3FF_1_102_a%20Large-p-500.jpeg	/assets/vendor/cdn-prod-website-files-com/0fede71d54-674732d4561636bd5998a5df_66e685a6ac6cecdbea32566b_EE1FDEBE-0774-48F9-A30F-A3A24AF9C3FF_1_102_a-Large-p-500.jpeg
https://cdn.prod.website-files.com/66dee17e962b82764bf195ef/674732d4561636bd5998a5df_66e685a6ac6cecdbea32566b_EE1FDEBE-0774-48F9-A30F-A3A24AF9C3FF_1_102_a%20Large.jpeg	/assets/vendor/cdn-prod-website-files-com/8388c8c669-674732d4561636bd5998a5df_66e685a6ac6cecdbea32566b_EE1FDEBE-0774-48F9-A30F-A3A24AF9C3FF_1_102_a-Large.jpeg
https://cdn.prod.website-files.com/66dee17e962b82764bf195ef/674732d47d397905c77154d5_66e685ac95c2eb7826fb9e0a_FDCCC07A-A213-4BF1-BC3D-7D2362308077_1_102_a%20Large-p-500.jpeg	/assets/vendor/cdn-prod-website-files-com/e196b5e837-674732d47d397905c77154d5_66e685ac95c2eb7826fb9e0a_FDCCC07A-A213-4BF1-BC3D-7D2362308077_1_102_a-Large-p-500.jpeg
https://cdn.prod.website-files.com/66dee17e962b82764bf195ef/674732d47d397905c77154d5_66e685ac95c2eb7826fb9e0a_FDCCC07A-A213-4BF1-BC3D-7D2362308077_1_102_a%20Large.jpeg	/assets/vendor/cdn-prod-website-files-com/f711d2456a-674732d47d397905c77154d5_66e685ac95c2eb7826fb9e0a_FDCCC07A-A213-4BF1-BC3D-7D2362308077_1_102_a-Large.jpeg
https://cdn.prod.website-files.com/66dee17e962b82764bf195ef/674732d4e7f7de9e27ed7a3d_66e68c65ab410215957bed39_3446294B-5727-4F54-B885-56BD856968E4_1_105_c%20Large-p-500.jpeg	/assets/vendor/cdn-prod-website-files-com/5d1b5fdd8a-674732d4e7f7de9e27ed7a3d_66e68c65ab410215957bed39_3446294B-5727-4F54-B885-56BD856968E4_1_105_c-Large-p-500.jpeg
https://cdn.prod.website-files.com/66dee17e962b82764bf195ef/674732d4e7f7de9e27ed7a3d_66e68c65ab410215957bed39_3446294B-5727-4F54-B885-56BD856968E4_1_105_c%20Large-p-800.jpeg	/assets/vendor/cdn-prod-website-files-com/694c9ec6a3-674732d4e7f7de9e27ed7a3d_66e68c65ab410215957bed39_3446294B-5727-4F54-B885-56BD856968E4_1_105_c-Large-p-800.jpeg
https://cdn.prod.website-files.com/66dee17e962b82764bf195ef/674732d4e7f7de9e27ed7a3d_66e68c65ab410215957bed39_3446294B-5727-4F54-B885-56BD856968E4_1_105_c%20Large.jpeg	/assets/vendor/cdn-prod-website-files-com/6cb016a536-674732d4e7f7de9e27ed7a3d_66e68c65ab410215957bed39_3446294B-5727-4F54-B885-56BD856968E4_1_105_c-Large.jpeg
https://cdn.prod.website-files.com/66dee17e962b82764bf195ef/674732d55bd8e93b78fbeba2_6729f7277cc11a0b398e9b9b_IMG_6913%20(1)%20Large-p-500.jpeg	/assets/vendor/cdn-prod-website-files-com/d411a786b3-674732d55bd8e93b78fbeba2_6729f7277cc11a0b398e9b9b_IMG_6913-1-Large-p-500.jpeg
https://cdn.prod.website-files.com/66dee17e962b82764bf195ef/674732d55bd8e93b78fbeba2_6729f7277cc11a0b398e9b9b_IMG_6913%20(1)%20Large.jpeg	/assets/vendor/cdn-prod-website-files-com/1a6556fe90-674732d55bd8e93b78fbeba2_6729f7277cc11a0b398e9b9b_IMG_6913-1-Large.jpeg
https://cdn.prod.website-files.com/66dee17e962b82764bf195ef/674732d5bc66fe54bcf28541_66e6859cf04fad8bb5e4c431_C9C38D5F-9288-43ED-8735-79CA0EF88010_1_105_c%20Large-p-500.jpeg	/assets/vendor/cdn-prod-website-files-com/5b6dbedbc0-674732d5bc66fe54bcf28541_66e6859cf04fad8bb5e4c431_C9C38D5F-9288-43ED-8735-79CA0EF88010_1_105_c-Large-p-500.jpeg
https://cdn.prod.website-files.com/66dee17e962b82764bf195ef/674732d5bc66fe54bcf28541_66e6859cf04fad8bb5e4c431_C9C38D5F-9288-43ED-8735-79CA0EF88010_1_105_c%20Large-p-800.jpeg	/assets/vendor/cdn-prod-website-files-com/d61d1cf20f-674732d5bc66fe54bcf28541_66e6859cf04fad8bb5e4c431_C9C38D5F-9288-43ED-8735-79CA0EF88010_1_105_c-Large-p-800.jpeg
https://cdn.prod.website-files.com/66dee17e962b82764bf195ef/674732d5bc66fe54bcf28541_66e6859cf04fad8bb5e4c431_C9C38D5F-9288-43ED-8735-79CA0EF88010_1_105_c%20Large.jpeg	/assets/vendor/cdn-prod-website-files-com/7b937e9e75-674732d5bc66fe54bcf28541_66e6859cf04fad8bb5e4c431_C9C38D5F-9288-43ED-8735-79CA0EF88010_1_105_c-Large.jpeg
https://cdn.prod.website-files.com/66dee17e962b82764bf195ef/676edd5b15f33c88560775c0_IMG_7734-p-500.jpeg	/assets/vendor/cdn-prod-website-files-com/310c76943b-676edd5b15f33c88560775c0_IMG_7734-p-500.jpeg
https://cdn.prod.website-files.com/66dee17e962b82764bf195ef/676edd5b15f33c88560775c0_IMG_7734-p-800.jpeg	/assets/vendor/cdn-prod-website-files-com/2d68f31650-676edd5b15f33c88560775c0_IMG_7734-p-800.jpeg
https://cdn.prod.website-files.com/66dee17e962b82764bf195ef/676edd5b15f33c88560775c0_IMG_7734.jpeg	/assets/vendor/cdn-prod-website-files-com/5f6c5f6e7a-676edd5b15f33c88560775c0_IMG_7734.jpeg
https://cdn.prod.website-files.com/66dee17e962b82764bf195ef/676f0c546a457edd58deb5c3_crevette%20petite-p-500.jpg	/assets/vendor/cdn-prod-website-files-com/9c2ce8bd8a-676f0c546a457edd58deb5c3_crevette-petite-p-500.jpg
https://cdn.prod.website-files.com/66dee17e962b82764bf195ef/676f0c546a457edd58deb5c3_crevette%20petite.jpg	/assets/vendor/cdn-prod-website-files-com/6a8bb70c60-676f0c546a457edd58deb5c3_crevette-petite.jpg
https://cdn.prod.website-files.com/66dee17e962b82764bf195ef/676f0c546a457edd58deb5df_chat%20noir%20petit-p-500.jpg	/assets/vendor/cdn-prod-website-files-com/888baffb53-676f0c546a457edd58deb5df_chat-noir-petit-p-500.jpg
https://cdn.prod.website-files.com/66dee17e962b82764bf195ef/676f0c546a457edd58deb5df_chat%20noir%20petit.jpg	/assets/vendor/cdn-prod-website-files-com/f1642d47f3-676f0c546a457edd58deb5df_chat-noir-petit.jpg
https://cdn.prod.website-files.com/66dee17e962b82764bf195ef/676f0c54e273154a8561160c_papillon%20petit-p-500.jpeg	/assets/vendor/cdn-prod-website-files-com/ba75b7411d-676f0c54e273154a8561160c_papillon-petit-p-500.jpeg
https://cdn.prod.website-files.com/66dee17e962b82764bf195ef/676f0c54e273154a8561160c_papillon%20petit.jpeg	/assets/vendor/cdn-prod-website-files-com/195a972f2f-676f0c54e273154a8561160c_papillon-petit.jpeg
https://cdn.prod.website-files.com/66dee17e962b82764bf195ef/676f0d12c33fbdd3a95ca5ec_allumette%20petite.jpg	/assets/vendor/cdn-prod-website-files-com/77a331b9ec-676f0d12c33fbdd3a95ca5ec_allumette-petite.jpg
https://cdn.prod.website-files.com/66dee17e962b82764bf195ef/676f0da6b93a44d389c2465d_eucalyptus%20petit-p-500.jpg	/assets/vendor/cdn-prod-website-files-com/4ffa5f4bde-676f0da6b93a44d389c2465d_eucalyptus-petit-p-500.jpg
https://cdn.prod.website-files.com/66dee17e962b82764bf195ef/676f0da6b93a44d389c2465d_eucalyptus%20petit-p-800.jpg	/assets/vendor/cdn-prod-website-files-com/92c00ac94a-676f0da6b93a44d389c2465d_eucalyptus-petit-p-800.jpg
https://cdn.prod.website-files.com/66dee17e962b82764bf195ef/676f0da6b93a44d389c2465d_eucalyptus%20petit.jpg	/assets/vendor/cdn-prod-website-files-com/d51ff92373-676f0da6b93a44d389c2465d_eucalyptus-petit.jpg
https://cdn.prod.website-files.com/66dee17e962b82764bf195ef/67c4b149a3f70f0b89d96788_Coccinelle-p-500.jpeg	/assets/vendor/cdn-prod-website-files-com/8b523224af-67c4b149a3f70f0b89d96788_Coccinelle-p-500.jpeg
https://cdn.prod.website-files.com/66dee17e962b82764bf195ef/67c4b149a3f70f0b89d96788_Coccinelle-p-800.jpeg	/assets/vendor/cdn-prod-website-files-com/460e0f3ef8-67c4b149a3f70f0b89d96788_Coccinelle-p-800.jpeg
https://cdn.prod.website-files.com/66dee17e962b82764bf195ef/67c4b149a3f70f0b89d96788_Coccinelle.jpeg	/assets/vendor/cdn-prod-website-files-com/d4f66ccaa5-67c4b149a3f70f0b89d96788_Coccinelle.jpeg
https://cdn.prod.website-files.com/66dee17e962b82764bf195ef/67dc215b5c812d698528b1f4_66DC2B0E-5EEC-4EC2-ADBD-C82E0420F1EF%202-p-500.jpg	/assets/vendor/cdn-prod-website-files-com/706cb66519-67dc215b5c812d698528b1f4_66DC2B0E-5EEC-4EC2-ADBD-C82E0420F1EF-2-p-500.jpg
https://cdn.prod.website-files.com/66dee17e962b82764bf195ef/67dc215b5c812d698528b1f4_66DC2B0E-5EEC-4EC2-ADBD-C82E0420F1EF%202.jpg	/assets/vendor/cdn-prod-website-files-com/e303d0ed88-67dc215b5c812d698528b1f4_66DC2B0E-5EEC-4EC2-ADBD-C82E0420F1EF-2.jpg
https://cdn.prod.website-files.com/66dee17e962b82764bf195ef/67dc215bd8a14bea6e89c80a_IMG_8101%20Large-p-500.jpeg	/assets/vendor/cdn-prod-website-files-com/3417c9f244-67dc215bd8a14bea6e89c80a_IMG_8101-Large-p-500.jpeg
https://cdn.prod.website-files.com/66dee17e962b82764bf195ef/67dc215bd8a14bea6e89c80a_IMG_8101%20Large-p-800.jpeg	/assets/vendor/cdn-prod-website-files-com/f11779a75f-67dc215bd8a14bea6e89c80a_IMG_8101-Large-p-800.jpeg
https://cdn.prod.website-files.com/66dee17e962b82764bf195ef/67dc215bd8a14bea6e89c80a_IMG_8101%20Large.jpeg	/assets/vendor/cdn-prod-website-files-com/f352eec402-67dc215bd8a14bea6e89c80a_IMG_8101-Large.jpeg
https://cdn.prod.website-files.com/66dee17e962b82764bf195ef/67dc216d70d6a4f94676b7c8_IMG_1985%20Large-p-500.jpeg	/assets/vendor/cdn-prod-website-files-com/eef5397f71-67dc216d70d6a4f94676b7c8_IMG_1985-Large-p-500.jpeg
https://cdn.prod.website-files.com/66dee17e962b82764bf195ef/67dc216d70d6a4f94676b7c8_IMG_1985%20Large-p-800.jpeg	/assets/vendor/cdn-prod-website-files-com/4a4d5ee0a6-67dc216d70d6a4f94676b7c8_IMG_1985-Large-p-800.jpeg
https://cdn.prod.website-files.com/66dee17e962b82764bf195ef/67dc216d70d6a4f94676b7c8_IMG_1985%20Large.jpeg	/assets/vendor/cdn-prod-website-files-com/d65b34da59-67dc216d70d6a4f94676b7c8_IMG_1985-Large.jpeg
https://cdn.prod.website-files.com/66dee17e962b82764bf195ef/67dc2303c1a71d61e19c2384_IMG_1664%20Large-p-500.jpeg	/assets/vendor/cdn-prod-website-files-com/873ec99774-67dc2303c1a71d61e19c2384_IMG_1664-Large-p-500.jpeg
https://cdn.prod.website-files.com/66dee17e962b82764bf195ef/67dc2303c1a71d61e19c2384_IMG_1664%20Large-p-800.jpeg	/assets/vendor/cdn-prod-website-files-com/3a6d3b56cb-67dc2303c1a71d61e19c2384_IMG_1664-Large-p-800.jpeg
https://cdn.prod.website-files.com/66dee17e962b82764bf195ef/67dc2303c1a71d61e19c2384_IMG_1664%20Large.jpeg	/assets/vendor/cdn-prod-website-files-com/41ec31309f-67dc2303c1a71d61e19c2384_IMG_1664-Large.jpeg
https://cdn.prod.website-files.com/66dee17e962b82764bf195ef/68557056734c3b4bfa1c5ec1_feuillage%20web.jpeg	/assets/vendor/cdn-prod-website-files-com/0dbee6ed91-68557056734c3b4bfa1c5ec1_feuillage-web.jpeg
https://cdn.prod.website-files.com/66dee17e962b82764bf195ef/685570567ac5278ddcb7aad4_allumette%20web.jpeg	/assets/vendor/cdn-prod-website-files-com/a7d46d8788-685570567ac5278ddcb7aad4_allumette-web.jpeg
https://cdn.prod.website-files.com/66dee17e962b82764bf195ef/68557056885604aeade2ec2c_coccinelle%20web.jpeg	/assets/vendor/cdn-prod-website-files-com/4dbe336d42-68557056885604aeade2ec2c_coccinelle-web.jpeg
https://cdn.prod.website-files.com/66dee17e962b82764bf195ef/685575172dd8d0cba5f66ad8_IMG_3601%20Medium.jpeg	/assets/vendor/cdn-prod-website-files-com/fa32c83fab-685575172dd8d0cba5f66ad8_IMG_3601-Medium.jpeg
https://cdn.prod.website-files.com/66dee17e962b82764bf195ef/685575eeec6a9aeed3c44bf8_IMG_1192%202%20Large-p-500.jpeg	/assets/vendor/cdn-prod-website-files-com/3b90e114ad-685575eeec6a9aeed3c44bf8_IMG_1192-2-Large-p-500.jpeg
https://cdn.prod.website-files.com/66dee17e962b82764bf195ef/685575eeec6a9aeed3c44bf8_IMG_1192%202%20Large-p-800.jpeg	/assets/vendor/cdn-prod-website-files-com/26102fe86b-685575eeec6a9aeed3c44bf8_IMG_1192-2-Large-p-800.jpeg
https://cdn.prod.website-files.com/66dee17e962b82764bf195ef/685575eeec6a9aeed3c44bf8_IMG_1192%202%20Large.jpeg	/assets/vendor/cdn-prod-website-files-com/45f885c9cd-685575eeec6a9aeed3c44bf8_IMG_1192-2-Large.jpeg
https://cdn.prod.website-files.com/66dee17e962b82764bf195ef/68d6e58708b6687b386ea37e_IMG_3095%20Large-p-500.jpeg	/assets/vendor/cdn-prod-website-files-com/18d505134e-68d6e58708b6687b386ea37e_IMG_3095-Large-p-500.jpeg
https://cdn.prod.website-files.com/66dee17e962b82764bf195ef/68d6e58708b6687b386ea37e_IMG_3095%20Large-p-800.jpeg	/assets/vendor/cdn-prod-website-files-com/d43f3966b7-68d6e58708b6687b386ea37e_IMG_3095-Large-p-800.jpeg
https://cdn.prod.website-files.com/66dee17e962b82764bf195ef/68d6e58708b6687b386ea37e_IMG_3095%20Large.jpeg	/assets/vendor/cdn-prod-website-files-com/31a6d205a4-68d6e58708b6687b386ea37e_IMG_3095-Large.jpeg
https://cdn.prod.website-files.com/66dee17e962b82764bf195ef/68d6e607ea797d5368b81be0_IMG_2976%20Large-p-500.jpeg	/assets/vendor/cdn-prod-website-files-com/b8ac40fd14-68d6e607ea797d5368b81be0_IMG_2976-Large-p-500.jpeg
https://cdn.prod.website-files.com/66dee17e962b82764bf195ef/68d6e607ea797d5368b81be0_IMG_2976%20Large.jpeg	/assets/vendor/cdn-prod-website-files-com/c495ffc483-68d6e607ea797d5368b81be0_IMG_2976-Large.jpeg
https://cdn.prod.website-files.com/66dee17e962b82764bf195ef/js/webflow.06163070.9df2171356d12d52.js	/assets/vendor/cdn-prod-website-files-com/1d27c48d1a-webflow.06163070.9df2171356d12d52.js
https://cdn.prod.website-files.com/66dee17e962b82764bf195ef/js/webflow.60d10951.505cf56727c9b94b.js	/assets/vendor/cdn-prod-website-files-com/27ba7451d8-webflow.60d10951.505cf56727c9b94b.js
https://cdn.prod.website-files.com/66dee17e962b82764bf195ef/js/webflow.c9503cde.0d3e093caf2f0599.js	/assets/vendor/cdn-prod-website-files-com/3399274843-webflow.c9503cde.0d3e093caf2f0599.js
https://cdn.prod.website-files.com/66dee17e962b82764bf195ef/js/webflow.schunk.06cdf9b0c2b8e1c4.js	/assets/vendor/cdn-prod-website-files-com/ea50c3d533-webflow.schunk.06cdf9b0c2b8e1c4.js
https://cdn.prod.website-files.com/66dee17e962b82764bf195ef/js/webflow.schunk.3a9001100d071331.js	/assets/vendor/cdn-prod-website-files-com/755bd4a11c-webflow.schunk.3a9001100d071331.js
https://d3e54v103j8qbb.cloudfront.net/js/jquery-3.5.1.min.dc5e7f18c8.js?site=66dee17e962b82764bf195ef	/assets/vendor/d3e54v103j8qbb-cloudfront-net/71ba5684ae-jquery-3.5.1.min.dc5e7f18c8.js
https://d3e54v103j8qbb.cloudfront.net/static/custom-checkbox-checkmark.589d534424.svg	/assets/vendor/d3e54v103j8qbb-cloudfront-net/b97cd6429c-custom-checkbox-checkmark.589d534424.svg
